"generated_uid","Annotated_Sequence","126_Native_vimentin_replicate_1","127N_Native_vimentin_replicate_2","127C_Native_vimentin_replicate_3","128N_PAD2-citrullinated_vimentin_replicate_1","128C_PAD2-citrullinated_vimentin_replicate_2","129N_PAD2-citrullinated_vimentin_replicate_3","129C_PAD4-citrullinated_vimentin_replicate_1","130N_PAD4-citrullinated_vimentin_replicate_2","130C_PAD4-citrullinated_vimentin_replicate_3"
1,"[M].FGGPGTASRPSS.[S]",277.5,276.8,356.5,189.7,195.3,192.1,348.7,564.9,372.7
2,"[T].TSTRTYSLGSALRPST.[S]",63.4,64.9,71.6,127.3,107.4,108.4,95.4,103.2,83
3,"[S].LGSALRPSTSRSLYA.[S]",119.4,146.6,156.2,261,223.4,219.7,219.6,205.7,163.6
4,"[G].SALRPSTSRSLYA.[S]",233.8,287.8,306.5,428.4,417.1,439.9,369.1,557.6,374.9
5,"[Y].ASSPGGVYATRSSAVRLR.[S]",NA,NA,NA,NA,NA,NA,NA,NA,NA
6,"[R].LRSSVPGVRL.[L]",46.5,51,49.8,116.2,123.3,117.5,121.3,113.3,86.7
7,"[R].LRSSVPGVRLL.[Q]",120.5,168.5,170.9,212.6,232.1,188.2,252.7,161.1,152.1
8,"[R].LRSSVPGVRLLQ.[D]",123,144.6,144.6,196,201.5,172.1,200.5,167.2,147.3
9,"[R].SSVPGVRLLQ.[D]",105.4,136.6,118.6,180.3,194.3,165.8,202.5,163.8,143.1
10,"[L].QDSVDFSL.[A]",NA,NA,NA,NA,NA,NA,NA,NA,NA
11,"[L].QDSVDFSLADAIN.[T]",103,139,124.5,175.3,186.9,135.4,219.3,130.7,137.2
12,"[L].QDSVDFSLADAINT.[E]",102,111.4,110.6,157.1,153,121.4,140.5,113.4,110
13,"[L].QDSVDFSLADAINTEFKN.[T]",NA,NA,NA,NA,NA,NA,NA,NA,NA
14,"[Q].DSVDFSLA.[D]",132.2,122.7,117.3,132.6,150.8,126.6,174.6,129.7,115.7
15,"[Q].DSVDFSLADA.[I]",231.3,245.8,280.3,289,301.3,302.3,300.2,273.8,233.6
16,"[Q].DSVDFSLADAIN.[T]",150.2,167.7,215.2,210.4,218.5,194.6,227,179.6,188.5
17,"[Q].DSVDFSLADAINT.[E]",170.6,192,197.1,250.2,280.4,219.9,261.4,194.7,190.7
18,"[Q].DSVDFSLADAINTEFK.[N]",62.8,66.2,59.2,108.9,118,157.4,72.4,63.3,66.7
19,"[Q].DSVDFSLADAINTEFKN.[T]",461.1,328,441.6,491.8,622.1,959.6,277.1,296.6,268.4
20,"[Q].DSVDFSLADAINTEFKNTR.[T]",268.4,204.8,233.2,145,138.7,113,139.9,123,105.1
21,"[Q].DSVDFSLADAINTEFKNTR.[T]",NA,NA,NA,NA,NA,NA,NA,NA,NA
22,"[D].FSLADAINT.[E]",154.2,168.4,217.8,144.1,156.1,169.7,168.9,188.9,149.1
23,"[D].FSLADAINTEFK.[N]",363.1,240.4,369.8,524.3,577.2,831.9,385.5,477,336.7
24,"[D].FSLADAINTEFKN.[T]",1116.6,762.8,1187.9,791.6,954.6,1252.3,622.9,1009.4,649
25,"[D].FSLADAINTEFKNT.[R]",57.8,51,57.3,103.5,115.6,129.3,73.9,89.7,59.4
26,"[D].FSLADAINTEFKNTR.[T]",19.4,31,32.2,63.3,97.7,76.7,87.8,58.7,57.9
27,"[D].FSLADAINTEFKNTR.[T]",720.7,541.6,643.8,217.6,258.7,172.5,315.8,323.3,244.7
28,"[D].FSLADAINTEFKNTRTN.[E]",1003.8,690.5,810.8,234.3,242.2,145.5,327.3,375.6,276.8
29,"[D].FSLADAINTEFKNTRTN.[E]",NA,NA,NA,NA,NA,NA,NA,NA,NA
30,"[D].FSLADAINTEFKNTRTNEK.[V]",49.4,51.8,56.1,983.2,984.2,1568.4,397.8,587.1,325.5
31,"[F].SLADAINTEFK.[N]",NA,NA,NA,NA,NA,NA,NA,NA,NA
32,"[F].SLADAINTEFKN.[T]",298.4,309.9,692.7,198.4,258.7,343.1,192.7,555.5,306.2
33,"[F].SLADAINTEFKNTRTNEK.[V]",71.6,83.6,88.2,415.6,431.8,652.1,230.3,490.6,301.9
34,"[S].LADAINTEF.[K]",48.4,57.4,62.9,57.2,73.5,61.8,76,72.2,67.8
35,"[S].LADAINTEFK.[N]",1907.4,1708.4,2328.6,1925.3,2049.3,2379,1954.6,3028.7,1822.9
36,"[S].LADAINTEFKN.[T]",6516.7,1514.6,12334.8,1869.2,3285.6,5515.4,3346.7,10363.4,1595.5
37,"[S].LADAINTEFKNTR.[T]",1048.1,1140.3,1495.4,339.5,310.3,272,537.7,864.4,656
38,"[S].LADAINTEFKNTR.[T]",2767.9,2332.2,3251.7,457.5,477.1,247.5,808.5,1334.3,794.5
39,"[S].LADAINTEFKNTRTN.[E]",41.6,42.6,46.9,134.6,138.9,162.2,126.1,200.8,124.2
40,"[S].LADAINTEFKNTRTNE.[K]",NA,NA,NA,NA,NA,NA,NA,NA,NA
41,"[S].LADAINTEFKNTRTNEK.[V]",232.8,234,271.1,2080.8,2214.3,2893,1685.3,4052.8,1700.6
42,"[S].LADAINTEFKNTRTNEK.[V]",4911.8,357.2,6255.3,603.3,717.5,322.5,1359.7,2718.9,1506.1
43,"[S].LADAINTEFKNTRTNEKV.[E]",101.4,104.4,108.6,340.7,354.7,445.2,294.3,518.3,299.6
44,"[S].LADAINTEFKNTRTNEKVE.[L]",44.1,44.6,52.3,377.7,428.3,509.9,309.5,611.2,343.5
45,"[L].ADAINTEFK.[N]",2631.2,2440.5,2884,2128.3,2205.9,2660.4,2379.5,2839.9,2487.9
46,"[L].ADAINTEFKN.[T]",2331,2012.6,2634.6,1263.2,1292.8,1319.8,1295.6,1888.9,1319.7
47,"[L].ADAINTEFKNTRTNEK.[V]",196.2,224.4,257.6,2704.3,2823.1,3780,2123.5,4142.2,2329.1
48,"[A].DAINTEFK.[N]",7336.3,5619.3,6622.9,5778.8,5093.4,6445.3,5923.2,7062.1,5504.2
49,"[A].DAINTEFKN.[T]",4953,5221.7,5497.2,4024.1,3674.1,6037.9,4238,5192.3,4021.4
50,"[A].DAINTEFKNT.[R]",2175.6,1793.8,2874.2,3686.7,3782.6,6635.6,1679.3,4117.1,2778.4
51,"[A].DAINTEFKNTR.[T]",1924,1526.6,2203.7,195,218.1,117.8,599.9,757.6,579.4
52,"[A].DAINTEFKNTR.[T]",38.5,49.9,60.6,2279.6,2263.2,3117.7,1756.1,2907.5,1705.8
53,"[A].DAINTEFKNTRT.[N]",983.8,771.5,1426.7,142.8,158.6,107.1,302.2,484.2,317.9
54,"[A].DAINTEFKNTRTN.[E]",2863.2,2370.1,3230.6,400.5,431.8,258.3,947.2,1264.1,883
55,"[A].DAINTEFKNTRTN.[E]",38.2,54.9,44.4,188.5,175.5,160,163.5,196.3,119.6
56,"[A].DAINTEFKNTRTNE.[K]",3396.8,2720.5,5044,421.9,536.4,158.7,927.9,1490.1,938.1
57,"[A].DAINTEFKNTRTNEK.[V]",11749.7,3343.1,16617.5,801.8,1049.3,234.2,3169.6,4669.7,2976.8
58,"[A].DAINTEFKNTRTNEK.[V]",2.3,8.5,3.2,303.5,322.8,464.9,236.1,459.4,285.2
59,"[A].DAINTEFKNTRTNEKV.[E]",79,124.7,147.1,4186.7,3851.4,6131,1265.8,6252.7,2070.4
60,"[A].DAINTEFKNTRTNEKVE.[L]",643.2,451.7,616.1,3358,3185.9,4206.2,2057,4320.2,2573.8
61,"[A].DAINTEFKNTRTNEKVEL.[Q]",2147,1230.8,1920.1,160.2,201.4,75.3,576.2,881.8,657.8
62,"[A].DAINTEFKNTRTNEKVEL.[Q]",1241.5,762.9,1112.9,334.4,356.6,337.8,491.4,694.2,580.4
63,"[A].DAINTEFKNTRTNEKVELQ.[E]",83.9,95.1,89.7,1280.5,1293,1451.2,893,1310.3,872.7
64,"[A].DAINTEFKNTRTNEKVELQE.[L-]",89.3,100.1,107.9,858.5,878.6,1121.3,511.6,765.2,561.6
65,"[E].LQELNDRFANYIDK.[V]",1523.7,1286.2,2129.3,1316.5,1265.9,1539.7,1107.5,2128,1325.4
66,"[E].LQELNDRFANYIDK.[V]",96.4,118.2,119.9,692.3,792.7,1120.8,339.4,660.8,365.9
67,"[L].QELNDRFANYIDK.[V]",NA,NA,NA,NA,NA,NA,NA,NA,NA
68,"[L].QELNDRFANYIDK.[V]",389.6,360.5,430.9,275.8,240.2,226.7,280,297.3,269.5
69,"[Q].ELNDRFANYIDK.[V]",2439.7,2271.6,2421.7,5349.1,4606.4,4630,3250.6,3542.5,2871.5
70,"[Q].ELNDRFANYIDK.[V]",2659.2,2447.3,2687.4,1951.8,1636,1474.4,2007.6,1929.7,1754.1
71,"[Q].ELNDRFANYIDKVR.[F]",174.1,195,203.5,798.5,695.2,937.9,381.1,413.7,289.7
72,"[Q].ELNDRFANYIDKVR.[F]",215.2,256.5,153.2,252,202.7,213.5,202.8,157.1,147.4
73,"[Q].ELNDRFANYIDKVRF.[L]",79.6,92.9,95.7,373.2,364.3,391.2,237.5,169.1,128.2
74,"[E].LNDRFANYIDK.[V]",217.3,238.7,244.3,1130.7,970.6,938.1,591.1,725.9,543.4
75,"[E].LNDRFANYIDK.[V]",3889.9,2994,2266.6,2191.1,1575.3,1432.2,2316.7,1892.2,1893
76,"[L].NDRFANYIDK.[V]",109.1,109.2,127.1,1285.9,1102.3,1104.2,588.4,563.2,551.8
77,"[N].DRFANYIDK.[V]",76.4,94.5,101.8,1916.5,1595.2,1623.2,940.5,1046.7,762
78,"[A].NYIDKVRFLEQQNK.[I]",390.6,345.7,331.7,540.8,421.8,520.2,373,230.3,307.4
79,"[L].EQQNKILLAELEQLK.[G]",NA,NA,NA,NA,NA,NA,NA,NA,NA
80,"[E].QQNKILLAELEQ.[L]",247.2,279.9,226.5,319,342.1,369.6,369.8,384.6,334
81,"[E].QQNKILLAELEQLKGQGKSR.[L]",236.5,253.6,223.5,344.6,285.1,356.7,284.6,249.4,249.3
82,"[L].LAELEQLK.[G]",762.8,547.5,533.8,595.6,435.9,462.8,500.6,316.4,364.7
83,"[L].LAELEQLKGQGK.[S]",517.2,545.8,698.5,1049.5,1050.4,1406.3,809.3,1256.4,905.3
84,"[L].LAELEQLKGQGKSR.[L]",30.9,38.7,37.1,495.1,473.9,612.3,321.6,631.1,360.3
85,"[L].AELEQLKGQGKSR.[L]",2630.6,2351.7,3549.1,1548.2,1340.4,1263.1,1382.2,1367.5,1457.3
86,"[A].ELEQLKGQGKSR.[L]",1033.6,957.9,1145.6,815.8,712.4,694.9,755,720.3,736
87,"[G].DLYEEEMRE.[L]",672.8,587.6,786,1035.1,988,1092.7,745.6,1188.5,842
88,"[G].DLYEEEMRELRRQVDQ.[L]",NA,NA,NA,NA,NA,NA,NA,NA,NA
89,"[R].ELRRQVDQLTN.[D]",224.8,200.6,217.6,362.6,341.4,342.2,343.1,328.1,283.5
90,"[R].ELRRQVDQLTNDK.[A]",158.8,128.6,153.3,203.4,167.8,179.4,154.6,208.4,136.2
91,"[R].ELRRQVDQLTNDKA.[R]",81.8,80.5,84.1,168,150.5,146.9,106.1,105.5,120.4
92,"[R].ELRRQVDQLTNDKAR.[V]",519.1,541.2,525.4,535.4,522,581.2,522.3,617.8,481.5
93,"[R].RQVDQLTNDK.[A]",145,119,140.2,176,132.7,115.7,127.7,112.6,98.5
94,"[R].RQVDQLTNDKA.[R]",425.8,347.9,367.9,676.4,594.1,556.9,492.2,378.7,438.1
95,"[R].RQVDQLTNDKARV.[E]",NA,NA,NA,NA,NA,NA,NA,NA,NA
96,"[R].RQVDQLTNDKARVEVER.[D]",642.1,618,656.3,896.8,799.2,822.8,821.7,820,799.3
97,"[R].RQVDQLTNDKARVEVERD.[N]",282.4,292.5,352.9,340.3,354.4,348.7,316.7,410.4,322.8
98,"[R].QVDQLTNDKAR.[V]",244.5,796.2,265.9,420.3,324.6,365.7,330.1,412.9,291.8
99,"[E].VERDNLAEDIMR.[L]",116,127.4,145,187.1,220.6,244,738.1,1728,654.7
100,"[E].VERDNLAEDIMR.[L]",69.6,67.4,69.8,103.5,93.3,103.3,89.5,82,89.2
101,"[E].VERDNLAEDIMR.[L]",86.1,94.5,84.1,224.5,226.1,253.6,592.3,1216.5,733.7
102,"[E].VERDNLAEDIMR.[L]",653,570.4,630.2,1109.3,1027,1045.9,933.6,1174,854.6
103,"[E].VERDNLAEDIMR.[L]",NA,NA,NA,NA,NA,NA,NA,NA,NA
104,"[E].VERDNLAEDIMRLR.[E]",NA,NA,NA,NA,NA,NA,NA,NA,NA
105,"[E].VERDNLAEDIMRLR.[E]",69,75.8,75.3,103.4,98,91.2,88.4,166.4,75.8
106,"[E].RDNLAEDIMR.[L]",124.5,162.5,117.8,123.2,113.2,123.4,140.1,142.7,134.2
107,"[R].DNLAEDIMR.[L]",413.9,367.4,409.6,601.7,531.7,517.7,489.9,574.3,425.9
108,"[R].DNLAEDIMRLR.[E]",159.1,160.8,165.1,233,222.9,224.1,233.5,188.9,190.8
109,"[Q].SFRQDVDNASL.[A]",127.6,143.2,139.4,437.5,488.5,522.6,337.3,633.2,335.8
110,"[Q].SFRQDVDNASLARLDL.[E]",102.1,101.4,94.8,206.9,206,218.7,132.8,163.9,122.9
111,"[Q].SFRQDVDNASLARLDL.[E]",49.5,43.3,51.1,163.4,171.8,220.2,79.1,114.3,74.8
112,"[R].QDVDNASLARL.[D]",163.3,165.1,164.9,266.9,243.6,221.9,215.5,256.4,191.9
113,"[R].QDVDNASLARLDL.[E]",469.1,366.3,433.2,779,666.6,695.1,551.2,668,507.7
114,"[R].QDVDNASLARLDLER.[K]",NA,NA,NA,NA,NA,NA,NA,NA,NA
115,"[R].QDVDNASLARLDLERK.[V]",78.9,83.4,92,141.5,137.7,132.4,107.2,118.5,107.2
116,"[R].QDVDNASLARLDLERKVES.[L]",331,229.1,269,529.1,481.3,508.8,376.8,573.3,376.2
117,"[E].SLQEEIAFLKK.[L]",458.2,380.2,450.8,957.9,889.7,1106.6,567.9,653.8,588.7
118,"[E].SLQEEIAFLKKLHE.[E]",NA,NA,NA,NA,NA,NA,NA,NA,NA
119,"[E].SLQEEIAFLKKLHEEEIQE.[L]",66.3,70,82,135.1,124.3,117.5,100.6,83.1,77.8
120,"[Q].EEIAFLKKLH.[E]",555.4,472.6,534.2,820.1,767.3,811.4,681.9,746.6,578.9
121,"[Q].EEIAFLKKLHE.[E]",273.6,207.4,227.3,538.4,430,475.2,321.8,330.5,305.8
122,"[Q].EEIAFLKKLHEEE.[I]",124.9,107.5,124.8,160.7,154.7,154.8,154,167.9,135.8
123,"[Q].EEIAFLKKLHEEEI.[Q]",163.2,171.7,195.7,291.6,278.2,276.1,197.4,237.4,186.8
124,"[Q].EEIAFLKKLHEEEIQE.[L]",435.9,306.8,376.5,877,768.1,922.2,450.3,567,424.4
125,"[E].EIAFLKKLHE.[E]",194.1,181.5,176.8,449,377.9,421.2,281,288.5,244.4
126,"[L].KKLHEEEIQE.[L]",69.4,106.4,67.7,60.5,52.7,60.5,63.9,69.3,52.2
127,"[K].KLHEEEIQE.[L]",169.6,221.7,181.1,205.8,212.3,216.5,226.4,269,199.1
128,"[H].EEEIQELQAQIQE.[Q]",92.7,101.1,104.7,192.9,155.2,157,156,153.6,129.1
129,"[E].LQAQIQEQHVQIDVDVSKPD.[L]",85.3,70.6,84.6,284,310.8,383.1,115.6,124,106.4
130,"[L].QAQIQEQHVQIDVDVSKPD.[L]",105.5,140.9,119.6,239.1,252.4,202.4,234.6,262.7,149.7
131,"[Q].AQIQEQHVQIDV.[D]",470.7,412.2,480.8,546.8,526.9,568.6,574.5,547.1,531.3
132,"[Q].AQIQEQHVQIDVDVSK.[P]",NA,NA,NA,NA,NA,NA,NA,NA,NA
133,"[Q].AQIQEQHVQIDVDVSKPD.[L]",703.3,595.5,727.7,3720,3708,4195.9,927.9,991.9,841.4
134,"[Q].AQIQEQHVQIDVDVSKPDL.[T]",325.9,299.5,341.5,1782,1925.4,2070.4,559.7,584.6,542.6
135,"[Q].AQIQEQHVQIDVDVSKPDLT.[A]",105.2,103.2,112.8,207.7,205.9,194.8,162.7,173.5,159.7
136,"[A].QIQEQHVQIDV.[D]",276.5,237.4,286.5,343.9,348.3,371.7,307.6,322.3,296.1
137,"[A].QIQEQHVQIDVDVSKPD.[L]",502.3,390.4,485,NA,NA,3506.6,428,629.9,639.6
138,"[A].QIQEQHVQIDVDVSKPDL.[T]",138.9,140,128.4,294.3,309.8,318.4,176.9,189.6,156
139,"[Q].IQEQHVQIDVDVSKPD.[L]",37.2,26.8,37.1,236,262,313.4,56.2,59.9,71.1
140,"[I].QEQHVQIDVDVSKPD.[L]",NA,NA,NA,NA,NA,NA,NA,NA,NA
141,"[Q].EQHVQIDVDVSKPD.[L]",1081.4,825.7,960.8,3934.1,3462,3799.4,1077.6,1008.6,1191.6
142,"[Q].EQHVQIDVDVSKPDL.[T]",168.5,152.6,158.6,734.4,777.4,849.6,256.7,298.5,247.2
143,"[E].QHVQIDVDVSKPD.[L]",184.9,172.1,187,495.9,466.7,424.7,283.1,246,239
144,"[E].QHVQIDVDVSKPDL.[T]",124.6,144.1,135.8,178.2,189.6,176.4,152.3,164.5,138.1
145,"[Q].HVQIDVDVSKPD.[L]",443.2,581.1,398.1,996.7,867,881,509.2,414.2,490.4
146,"[H].VQIDVDVSKPD.[L]",3066.9,2802.4,2184.7,571,523.4,3293.8,367.2,1640.4,2328.7
147,"[H].VQIDVDVSKPDL.[T]",418.1,367.6,384.1,1248.4,1169.6,1146.9,528.2,452.8,566.2
148,"[V].QIDVDVSKPD.[L]",355.9,323.5,299.8,566,433,411,413.6,269.4,356.4
149,"[Q].IDVDVSKPD.[L]",2469.9,2641.4,2290.3,3254.1,2760.8,2717.5,2565.9,2168.7,2366.1
150,"[Q].IDVDVSKPDL.[T]",513.3,485.7,549.9,770,587.1,593.6,562.3,343.6,453.9
151,"[Q].IDVDVSKPDLT.[A]",904.8,608,722.3,1117.1,1047.1,1030.3,1360.9,966.2,925.2
152,"[Q].IDVDVSKPDLTAALRD.[V]",42.6,42,47.1,83.1,79.1,70.3,71.4,60.7,60.2
153,"[T].AALRDVRQQYE.[S]",112.3,107.6,112.6,307.4,332.7,354.3,259.1,301.1,215.1
154,"[T].AALRDVRQQYESVA.[A]",89,94.9,91.7,166,156.9,143.4,214.9,248.6,197.5
155,"[T].AALRDVRQQYESVAAKN.[L]",102.8,127.5,129.9,479.9,493.9,501.1,362.2,353.8,370
156,"[T].AALRDVRQQYESVAAKN.[L]",61.3,80.1,97.6,983.1,1002.6,1201,2126.3,3263.4,2159.9
157,"[T].AALRDVRQQYESVAAKNLQ.[E]",83.7,96.9,90.9,555.9,561.8,653,751.6,851.3,697.3
158,"[T].AALRDVRQQYESVAAKNLQ.[E]",175.3,245.9,222.7,483.2,510.6,491.4,334.4,282,278.3
159,"[T].AALRDVRQQYESVAAKNLQ.[E]",310.7,188.9,260.1,157.7,148.3,154.6,117.5,147.5,115.8
160,"[T].AALRDVRQQYESVAAKNLQE.[A]",71.4,86.8,76.2,173.8,173.5,191.1,119.9,97.7,90.9
161,"[R].DVRQQYESVAA.[K]",613.8,544.9,647.7,307.4,322.7,313.9,595.8,704.7,598.3
162,"[R].DVRQQYESVAAKN.[L]",310.4,246.2,318.4,88.7,87.4,81.4,187,225.5,194.5
163,"[R].DVRQQYESVAAKN.[L]",112.1,115.4,165.5,1759.7,1857.6,2149.8,906.1,1360,877.6
164,"[R].DVRQQYESVAAKNLQ.[E]",291.8,195.8,242.4,83.4,83.7,87.5,153.7,166.7,145.4
165,"[R].DVRQQYESVAAKNLQ.[E]",164.7,197.5,172.1,401.6,362.7,402.5,327.6,341.8,282.3
166,"[R].QQYESVAAKN.[L]",180.4,191.7,186.4,140.5,158.3,173.6,210.3,462.6,232
167,"[R].QQYESVAAKNLQ.[E]",1974,1615.1,1758.7,1339.9,1393.7,1392.4,1864.4,1812,1437
168,"[E].SVAAKNLQEAEEWYK.[S]",716,493.3,604,873.4,957,1230.6,572.9,704.3,654.3
169,"[E].SVAAKNLQEAEEWYKS.[K]",142,151.2,144.5,253.9,248.9,276.5,214,217.8,203.6
170,"[S].VAAKNLQEAEEWYKS.[K]",504.7,383.8,472,593.6,610.1,823.1,464.2,614.1,532.7
171,"[A].AKNLQEAEEW.[Y]",323.5,286.2,359,654.1,664.5,691.8,437.9,449.8,345.1
172,"[A].AKNLQEAEEWYK.[S]",1681.9,1260.1,1830.9,1023.6,1120.2,1212.5,1223.5,1526.9,1211.9
173,"[A].AKNLQEAEEWYKSK.[FY]",1006.9,711.3,962.7,742.8,812.5,833.6,681.4,841.9,771.4
174,"[L].QEAEEWYKS.[K]",710.8,626.3,780.8,581.7,626,605.9,626.5,712.8,575.4
175,"[Q].EAEEWYKSKF.[A]",1501.1,1363.6,1478.6,1496.9,1450.9,1465,1302.8,1170,1226.8
176,"[Q].EAEEWYKSKFA.[D]",1057.3,859.8,1261.1,545.7,619.5,608.7,628.4,782.6,690.5
177,"[Q].EAEEWYKSKFAD.[L]",2397.2,1739.3,2221,1221,1240.2,1474.2,1393.2,1722.7,1290.8
178,"[Q].EAEEWYKSKFADL.[S]",805.6,593.7,891,523.7,575.6,613.1,429.3,707.2,463.7
179,"[K].SKFADLSEAANR.[N]",106.1,106.5,105.6,292.6,298.5,343,214,247.6,213.6
180,"[K].SKFADLSEAANRNN.[D]",166.9,238.4,230.1,1632.3,1791.4,2183.4,1005.6,1418.4,1070.1
181,"[K].SKFADLSEAANRNNDA.[L]",70.1,98.1,105.9,1292.5,1418.4,1739.8,784.6,1231.1,895.7
182,"[K].SKFADLSEAANRNNDALR.[Q]",906.7,716,1080.4,2025.8,2141,2383.5,1921.1,3012.7,1999.4
183,"[K].SKFADLSEAANRNNDALRQ.[A]",469.1,431.9,773.9,1099,1252.8,1494.4,987.9,1289.2,1356.6
184,"[K].SKFADLSEAANRNNDALRQ.[A]",138.6,166.4,157.7,227.2,235.4,259.6,205,202.2,170
185,"[S].KFADLSEAANRNNDA.[L]",NA,NA,NA,NA,NA,NA,NA,NA,NA
186,"[S].KFADLSEAANRNNDALRQ.[A]",164.6,152,238.9,85.6,83.4,90.1,132.3,163.1,187.3
187,"[K].FADLSEAANR.[N]",219.6,222.6,209.3,299.5,300.4,292.7,315.1,260.9,245.2
188,"[K].FADLSEAANRNN.[D]",308.8,313,311.2,684,702.5,717.1,599.5,542.4,480.4
189,"[K].FADLSEAANRNN.[D]",NA,NA,NA,NA,NA,NA,NA,NA,NA
190,"[K].FADLSEAANRNNDA.[L]",4511.2,90.8,10030.7,772.6,1002.6,294.4,1918.2,2461.4,2426
191,"[K].FADLSEAANRNNDALR.[Q]",208.4,245.5,248.2,435.5,605.2,453.1,396.9,336.4,302
192,"[K].FADLSEAANRNNDALR.[Q]",NA,NA,NA,NA,NA,NA,NA,NA,NA
193,"[K].FADLSEAANRNNDALRQ.[A]",91.1,106,116.7,197.2,234.3,205.2,164.2,160,129.3
194,"[K].FADLSEAANRNNDALRQ.[A]",823.2,871.2,1430.9,400.6,391.3,293.8,625.8,670.6,757.7
195,"[K].FADLSEAANRNNDALRQAKQ.[E]",510.8,517.2,974,155,178.3,137.6,306.7,430.5,454.6
196,"[F].ADLSEAANRNNDA.[L]",133,144.2,177.6,84.5,86.9,79.5,102.6,116.4,126.7
197,"[F].ADLSEAANRNNDALR.[Q]",153.7,181.5,236.2,58.4,65.1,51.6,95.4,103.5,123.5
198,"[F].ADLSEAANRNNDALRQ.[A]",359.4,410.1,531.1,227.1,224.6,248.7,356.6,408.8,464.8
199,"[A].DLSEAANRNNDA.[L]",187.9,177.5,228.2,90.9,88.6,78.6,135.8,139.4,145.7
200,"[A].DLSEAANRNNDALR.[Q]",194.7,216.5,213.5,146.3,138.5,155.4,186.1,275.8,193.7
201,"[D].LSEAANRNNDALRQ.[A]",NA,NA,NA,NA,NA,NA,NA,NA,NA
202,"[L].SEAANRNNDALRQ.[A]",NA,NA,NA,NA,NA,NA,NA,NA,NA
203,"[S].EAANRNNDAL.[R]",NA,NA,NA,NA,NA,NA,NA,NA,NA
204,"[S].EAANRNNDALR.[Q]",63.3,74.7,68,216.5,213.6,235.5,132.9,156.8,111.5
205,"[S].EAANRNNDALRQ.[A]",138.2,149.4,146.1,609.4,580.4,614.4,320.8,342.2,305
206,"[S].EAANRNNDALRQAKQ.[E]",91.6,128.1,100.9,1004,1181.5,1535.9,355,570.6,390.2
207,"[S].EAANRNNDALRQAKQ.[E]",11.6,16.9,14.8,300.1,297.3,323.4,270.3,232.5,345.3
208,"[S].EAANRNNDALRQAKQES.[T]",18.1,21.7,22.4,490.6,460.2,462.5,443.1,480.4,480.3
209,"[R].QAKQESTEYRRQVQS.[L]",48.5,48.3,49.5,208.9,213.4,229.7,90.4,117.9,79
210,"[Q].AKQESTEYRRQVQS.[L]",49.7,83,52.5,180.3,193.3,215.7,133,173.2,120.1
211,"[Q].AKQESTEYRRQVQS.[L]",NA,NA,NA,NA,NA,NA,NA,NA,NA
212,"[RK].GTNESLERQMRE.[QM]",110.1,114.1,95.2,115,115.9,121.7,108,91.2,101.1
213,"[E].ENFAVEAANYQDTIGR.[L]",430.7,491.6,510,557.8,572.1,726.1,488,610.3,552.1
214,"[E].ENFAVEAANYQDTIGRLQ.[D]",258.2,196.2,205.2,550.8,533.8,635,295.4,236.4,228.2
215,"[A].VEAANYQDTIGRL.[Q]",424.6,387.8,362.2,501.2,401.4,307.5,465.6,342.7,280.7
216,"[A].VEAANYQDTIGRLQ.[D]",2708.1,2511.5,2466.1,2859.2,2387.3,2700.9,2247.7,2309.3,2234.2
217,"[A].VEAANYQDTIGRLQDEIQN.[M]",161.4,2321.9,257.4,340.1,827.5,434.3,231.9,278.7,195.9
218,"[V].EAANYQDTIGR.[L]",697.1,631.2,571.4,713.8,704.4,652.3,671.8,533.6,641.8
219,"[E].AANYQDTIGR.[L]",817,860.3,803.8,1002.5,906.9,939.1,954.4,981.7,843.1
220,"[E].AANYQDTIGRLQ.[D]",973.2,909.4,958,1043.8,912.9,909.8,942.7,908.9,757.1
221,"[E].AANYQDTIGRLQDE.[I]",241.8,246.7,288.9,353.7,337.4,399.7,294.2,352,299.7
222,"[E].AANYQDTIGRLQDEIQN.[M]",498.6,415.7,526.1,910.7,858.3,1213.4,581.3,654.2,525.8
223,"[E].AANYQDTIGRLQDEIQNMK.[E]",NA,NA,NA,NA,NA,NA,NA,NA,NA
224,"[E].AANYQDTIGRLQDEIQNMK.[E]",249.3,191.5,196.4,463.3,320.2,393.7,300.1,241.1,205.4
225,"[A].ANYQDTIGR.[L]",184.4,190.5,186.5,252.3,238.7,245.8,412.5,468.2,454.1
226,"[Q].DTIGRLQDEIQN.[M]",93.7,117.5,111.8,112.6,106.1,129,102.9,101.3,98.7
227,"[Q].DTIGRLQDEIQNMK.[E]",643.3,461.5,489,1378.5,1125.2,1586.1,667,761.5,568.4
228,"[Q].DEIQNMKEEMARH.[L]",64.6,56.5,79.4,64.7,60.9,57.6,102,81.6,88
229,"[Q].DEIQNMKEEMARH.[L]",331.1,497.6,405.7,339,349.2,403.9,485.7,668,421.1
230,"[Q].DEIQNMKEEMARHL.[R]",NA,NA,NA,NA,NA,NA,NA,NA,NA
231,"[Q].DEIQNMKEEMARHL.[R]",NA,NA,NA,NA,NA,NA,NA,NA,NA
232,"[Q].DEIQNMKEEMARHLRE.[Y]",54.5,40.5,52.4,94.7,108.4,176.9,41.6,64.3,44.5
233,"[N].MKEEMARHLRE.[Y]",694.6,522.5,643.1,351.6,379.3,472.1,428.6,493,385.7
234,"[K].EEMARHLRE.[Y]",364.9,431.7,380.5,410.9,408.4,403.3,493.3,507,407.4
235,"[K].MALDIEI.[A]",108.8,120.9,121.4,127.7,173.3,138,139.8,95.3,107.1
236,"[K].MALDIEIATYRK.[L]",203.3,162.7,154.6,413.4,410,391.5,167.3,120.8,170.9
237,"[K].MALDIEIATYRK.[L]",213.4,138,162.1,588.5,675.6,609.1,228.2,168.3,188.3
238,"[LMX].ALDIEIATYRK.[L]",523.3,442.5,386.3,917.5,880,798.8,430.4,279.4,433.1
239,"[AS].LDIEIATYRK.[L]",628,501.5,433.7,905.1,756.2,699.3,494.4,250.5,434.5
240,"[AS].LDIEIATYRKL.[LV]",370.1,345.9,322,638.8,625,527.8,609.7,368.9,380.4
241,"[L].EGEESRISLPLPNF.[S]",NA,NA,NA,NA,NA,NA,NA,NA,NA
242,"[E].GEESRISLPLPN.[F]",154.2,661.5,181,301.2,705,245.4,251.5,199.6,193.4
243,"[E].GEESRISLPLPNF.[S]",42.3,56.6,65,90.6,82.4,69.8,84.8,65.1,54.6
244,"[E].GEESRISLPLPNF.[S]",226.7,232.3,234,207.4,245.4,206.4,204.5,237.9,199.3
245,"[S].LPLPNFSSL.[N]",46.9,94.7,55.7,59.5,78.9,59.5,88.4,54.5,57.2
246,"[S].LPLPNFSSLN.[L]",118.2,138.2,148.9,182.2,205,159,317.6,146.2,136.6
247,"[S].LPLPNFSSLNL.[R]",82.1,140.1,134.3,145.4,163.8,135.4,215.5,120.6,105.3
248,"[S].LPLPNFSSLNLR.[EG]",625.1,461.6,506.5,437.7,540.9,411.6,706.6,258.6,275.6
249,"[S].LPLPNFSSLNLR.[EG]",208.5,292.9,561,436.2,473.5,428.7,431.6,402.9,323.5
250,"[S].LPLPNFSSLNLRE.[T]",34.3,45.5,47.6,72.6,67.8,70.8,94.2,76.7,62.3
251,"[S].LPLPNFSSLNLRE.[T]",278.2,200.7,238.7,189.6,193.6,203.5,122.1,117.9,95.3
252,"[S].SLNLRETNLDS.[L]",170.2,198.7,202.4,342.1,348,303.2,369.9,349.4,332
253,"[S].SLNLRETNLDSLPL.[V]",NA,NA,NA,NA,NA,NA,NA,NA,NA
254,"[S].SLNLRETNLDSLPLVD.[T]",NA,NA,NA,NA,NA,NA,NA,NA,NA
255,"[S].SLNLRETNLDSLPLVDTHSK.[R]",312.6,267.8,275.6,259.6,255.1,247.1,226.8,234.1,190.9
256,"[N].LRETNLDSLPL.[V]",NA,NA,NA,NA,NA,NA,NA,NA,NA
257,"[N].LRETNLDSLPLV.[D]",59.3,73.4,74.2,108,107.1,100.7,103.1,134.4,107.5
258,"[N].LRETNLDSLPLVD.[T]",NA,NA,NA,NA,NA,NA,NA,NA,NA
259,"[N].LRETNLDSLPLVD.[T]",265.7,233.4,324.2,206.5,187,194.5,163.6,159.4,147.5
260,"[N].LRETNLDSLPLVDT.[H]",138.6,128.5,172,163.4,156.3,139.2,137.4,135.8,124.2
261,"[N].LRETNLDSLPLVDTH.[S]",45.6,43.9,56.2,122.5,109.1,151.1,111.1,310.1,120.2
262,"[N].LRETNLDSLPLVDTH.[S]",252.2,237.6,341.3,228.3,232,208.4,196.5,215.1,169.7
263,"[N].LRETNLDSLPLVDTHS.[K]",156.4,289,198.7,280.9,280.1,255.8,306.3,333,237.4
264,"[N].LRETNLDSLPLVDTHSK.[R]",237.5,203.9,291.5,355,364.8,470.3,314.2,943.7,309.7
265,"[N].LRETNLDSLPLVDTHSK.[R]",164.6,255,186.4,559.6,593.5,784.2,600,1941.4,648.7
266,"[N].LRETNLDSLPLVDTHSKR.[T]",701.1,488.4,919.5,335.4,384.2,412,301.4,325,230.4
267,"[N].LRETNLDSLPLVDTHSKR.[T]",142.9,169.4,154.6,403.1,432,603.3,462.7,1686.4,573.5
268,"[N].LRETNLDSLPLVDTHSKR.[T]",88.3,103.5,88.7,549.5,562.8,923.8,428.1,2025.7,589.2
269,"[N].LRETNLDSLPLVDTHSKRT.[L]",143.5,73,185.5,23,26.7,18.6,19.1,23.5,14.7
270,"[N].LRETNLDSLPLVDTHSKRT.[L]",100,171,132.6,239.6,189.2,216.6,210.7,319,199.4
271,"[L].RETNLDSLPLVD.[T]",105.3,119.9,125.7,180.5,159.4,153.7,181.3,185.3,155.1
272,"[L].RETNLDSLPLVDTHSKR.[T]",101,109.4,94.3,190.9,154.6,145.4,349,722.8,436.2
273,"[L].RETNLDSLPLVDTHSKR.[T]",17.1,18,17.6,105.2,123.2,177.9,79.4,249.6,109
274,"[R].ETNLDSLPLV.[D]",210.2,696.9,290.3,409.9,959.6,265.2,357,280.4,242.3
275,"[R].ETNLDSLPLVD.[T]",444.7,517.9,556.5,605.4,627.2,530.2,594.5,585.9,473.7
276,"[R].ETNLDSLPLVDT.[H]",544.4,673,717.8,902.7,943.7,768.6,985.7,785.1,675.2
277,"[R].ETNLDSLPLVDTH.[S]",283.5,249.6,350.7,368.1,420,563.2,384.4,920.1,458.6
278,"[R].ETNLDSLPLVDTHS.[K]",350.3,355.8,470.8,423.5,459.6,496.5,370.7,734.3,414.2
279,"[R].ETNLDSLPLVDTHSK.[R]",2244.9,2038.6,3038.1,1564.5,1780,2581.3,1596.7,6092.3,1802.4
280,"[R].ETNLDSLPLVDTHSKR.[T]",809.4,1008.2,941.8,4117.6,4724.8,7018.3,2621.4,8462,3099.6
281,"[R].ETNLDSLPLVDTHSKR.[T]",6656.5,6349.8,8894.4,1574.6,1732.4,1228,2730.5,5809.7,3337.3
282,"[R].ETNLDSLPLVDTHSKRT.[L]",416.9,323,559.1,278.2,298.9,329.3,279.6,874.4,271.9
283,"[R].ETNLDSLPLVDTHSKRT.[L]",1904,1429.3,2488.3,683,757.5,535.9,776.5,1868.6,747.7
284,"[R].ETNLDSLPLVDTHSKRTL.[L]",134.2,148.5,132.1,250.2,229.6,257.3,246.3,245.9,189.7
285,"[E].TNLDSLPLV.[D]",171.6,195.6,219.2,213.9,221.7,220.1,280.5,193,214.9
286,"[E].TNLDSLPLVDT.[H]",NA,NA,NA,NA,NA,NA,NA,NA,NA
287,"[E].TNLDSLPLVDTH.[S]",72.5,54.4,91.7,61.2,74.1,104.3,74.7,243.9,82.4
288,"[E].TNLDSLPLVDTHS.[K]",208.7,234.2,311.4,254.6,306.8,351.8,310.4,520,347
289,"[E].TNLDSLPLVDTHSK.[R]",288.7,288.8,429.8,324.3,418.2,456.7,468.5,1211.7,466.5
290,"[E].TNLDSLPLVDTHSKR.[T]",253.3,237,316.5,199.5,183.6,185.6,174.7,290,188.2
291,"[E].TNLDSLPLVDTHSKR.[T]",242.6,301.5,238.6,1104,1267.4,1744.8,828.4,1795.3,1040
292,"[E].TNLDSLPLVDTHSKRT.[L]",NA,NA,NA,NA,NA,NA,NA,NA,NA
293,"[T].NLDSLPLVD.[T]",137.9,146.8,199.2,174.6,195.4,182.4,211.4,179.7,165.2
294,"[T].NLDSLPLVDTHS.[K]",221.3,204.4,231.1,272.5,281.8,301.1,269.1,306.5,275.7
295,"[T].NLDSLPLVDTHSK.[R]",420.5,413.8,536.1,548,620.1,738.9,448.1,1580.2,544.4
296,"[T].NLDSLPLVDTHSKR.[T]",85.6,88.3,135.8,29.8,31.2,29.1,62.6,89.2,82.6
297,"[T].NLDSLPLVDTHSKR.[T]",174.5,196.6,245.6,307.4,393.7,513.9,278.9,525.8,374
298,"[N].LDSLPLVDTH.[S]",142,177.4,180.6,167.6,219.4,165.1,185.9,253.5,169.2
299,"[N].LDSLPLVDTHS.[K]",269.3,293.4,304.5,328.2,392.1,317.4,466.8,335.9,283.6
300,"[N].LDSLPLVDTHSK.[R]",465.1,432.1,565.7,434.8,444.9,569.6,411.8,1379.4,455.8
301,"[N].LDSLPLVDTHSKR.[T]",241.1,296.7,259.6,1470.3,1553.6,1995.9,1102.4,1979.8,1273.4
302,"[N].LDSLPLVDTHSKR.[T]",1213.4,1455.1,1471.3,348,513,274.6,657.6,808.6,705.5
303,"[N].LDSLPLVDTHSKRT.[L]",342.4,332.6,387.9,265.6,293.8,254.5,349.5,466.3,287
304,"[L].DSLPLVDTH.[S]",273.5,318.9,286.1,312.5,332.6,315.1,365.8,520.3,334.6
305,"[L].DSLPLVDTHSK.[R]",401,420,454,443.8,451.1,343.9,545.7,1017.9,361.3
306,"[L].DSLPLVDTHSKR.[T]",1685.6,1603.5,1779.7,706.3,746.3,588.1,1304.5,1227.6,991.7
307,"[L].DSLPLVDTHSKRT.[L]",1101.2,954.8,1179.2,585.9,609.6,670.4,675.8,1242.2,701.2
308,"[D].SLPLVDTHSKR.[T]",1855.3,1937.7,1895.2,529.8,558.1,558.3,967.6,1000.6,951
309,"[D].SLPLVDTHSKRT.[L]",1065.2,794.8,1182.4,233,246,173.5,318.8,960.2,341.5
310,"[S].LPLVDTHSK.[R]",2984.6,2576.4,3218.5,1934.6,1992.4,2223.5,2143.4,4739.3,2171.2
311,"[S].LPLVDTHSKR.[T]",3498.3,3137.1,3642.3,455.3,505.5,391.6,1223,1238.2,1343.5
312,"[T].LLIKTVETRDGQVIN.[E]",NA,NA,NA,NA,NA,NA,NA,NA,NA
313,"[T].LLIKTVETRDGQVINE.[T]",136.1,122.5,122.1,195.4,197.6,199.4,212.6,244,180.4
314,"[L].LIKTVETRDGQVIN.[E]",1003.7,810.4,1435.3,88.6,130.7,24.8,34.3,35.2,27.2
315,"[L].LIKTVETRDGQVIN.[E]",398.8,424,429.8,1466.2,1398.7,1970.3,1177.6,5602.3,768.1
316,"[L].LIKTVETRDGQVINE.[T]",1850.1,1451.8,2720.5,326.4,381.8,191.4,193.2,238.4,164
317,"[L].LIKTVETRDGQVINE.[T]",13.3,23.5,16.8,60.1,59.5,88.4,50.7,236.6,65.6
318,"[L].IKTVETRDGQVIN.[E]",NA,NA,NA,NA,NA,NA,NA,NA,NA
319,"[L].IKTVETRDGQVINE.[T]",82,121.8,90.1,287.8,349.3,394.7,311.3,596,311.4
320,"[I].KTVETRDGQVIN.[E]",4.3,3.3,3.5,135.8,152.4,180.8,186.5,301.4,235.8
321,"[I].KTVETRDGQVINE.[T]",295.1,315.4,329.4,125.1,124.8,139.3,118,194,114
322,"[I].KTVETRDGQVINET.[S]",242.9,299.8,360,214.3,193.8,188.4,184.7,224.5,174.3
323,"[K].TVETRDGQVIN.[E]",584.1,623.8,600.1,1051.7,1053.3,1099.7,824.5,916.9,798.4
324,"[K].TVETRDGQVIN.[E]",2614.6,2265.5,2370.7,666.7,683,834.5,340.9,409.6,324.7
325,"[K].TVETRDGQVINE.[T]",149.6,143.6,152.6,219.8,220.1,230.9,260,293.3,205.8
326,"[K].TVETRDGQVINE.[T]",1363.6,1150.6,1264.4,221.2,225.8,170.9,175.2,243.9,183
327,"[K].TVETRDGQVINET.[S]",119.9,103.8,113.1,296.4,296.3,313.7,285.8,343.5,278.8
328,"[K].TVETRDGQVINET.[S]",1066.8,1133.6,1423.7,600,550.2,455.6,565.7,677,471.1
329,"[K].TVETRDGQVINETSQHHDD.[L]",30.7,26.4,27.8,70.3,79.3,92.3,87.2,118.5,88
330,"[T].VETRDGQVIN.[E]",1107,1197.6,961.4,313.9,254.4,237,194.5,241.8,180.1
331,"[T].VETRDGQVINE.[T]",1034.9,935.9,897.8,180.2,153.2,112.9,112.2,123.8,109.6
332,"[T].VETRDGQVINE.[T]",189.5,201.6,213,421.2,399.4,411.3,399.7,382.1,377.1
333,"[T].VETRDGQVINET.[S]",155.8,161.3,176,262.4,284.1,266.3,291.5,321.5,270.4
334,"[T].VETRDGQVINETSQHHDD.[L]",32.7,73,35.4,88.9,76.6,99.1,82,89.3,82.9
335,"[V].ETRDGQVIN.[E]",277.7,408.7,318.7,514.3,487,548.5,638.8,781.5,576.1
336,"[E].TRDGQVINETSQHHDDL.[E]",203.7,279.6,236,359.9,401.9,226.5,526.6,423.4,283
337,"[T].RDGQVINETSQHHDDL.[E]",97.4,120,102.7,149.5,162.2,177,180.7,231.7,170.5
